model,lake,cali,metric,value
GOTM,Allequash,calibrated,rmse,1.5428571738848
GOTM,Allequash,calibrated,nse,0.950285703106711
GOTM,Allequash,calibrated,r,0.975372865979665
GOTM,Allequash,calibrated,bias,-0.225004865400485
GOTM,Alqueva,calibrated,rmse,0.944792697877346
GOTM,Alqueva,calibrated,nse,0.951363579091848
GOTM,Alqueva,calibrated,r,0.976907776397665
GOTM,Alqueva,calibrated,bias,-0.085907579052053
GOTM,Annie,calibrated,rmse,1.3371047937636
GOTM,Annie,calibrated,nse,0.899599389318713
GOTM,Annie,calibrated,r,0.95219773091812
GOTM,Annie,calibrated,bias,-0.00426183941935355
GOTM,Arendsee,calibrated,rmse,0.757433951453038
GOTM,Arendsee,calibrated,nse,0.962253976570146
GOTM,Arendsee,calibrated,r,0.982262601508385
GOTM,Arendsee,calibrated,bias,-0.120070808660927
GOTM,Argyle,calibrated,rmse,0.828571029090081
GOTM,Argyle,calibrated,nse,0.900536521246712
GOTM,Argyle,calibrated,r,0.96503876955645
GOTM,Argyle,calibrated,bias,-0.0751337098844871
GOTM,Biel,calibrated,rmse,1.3421703276039
GOTM,Biel,calibrated,nse,0.915981578474721
GOTM,Biel,calibrated,r,0.957668406404702
GOTM,Biel,calibrated,bias,0.00976021649639681
GOTM,BigMuskellunge,calibrated,rmse,1.35748655856118
GOTM,BigMuskellunge,calibrated,nse,0.951981108034388
GOTM,BigMuskellunge,calibrated,r,0.97910598210497
GOTM,BigMuskellunge,calibrated,bias,-0.474527582679798
GOTM,BlackOak,calibrated,rmse,1.01548287660938
GOTM,BlackOak,calibrated,nse,0.972546256056363
GOTM,BlackOak,calibrated,r,0.986664767238108
GOTM,BlackOak,calibrated,bias,-0.0650705093732188
GOTM,Bosumtwi,calibrated,rmse,0.353390952108742
GOTM,Bosumtwi,calibrated,nse,0.855492550610234
GOTM,Bosumtwi,calibrated,r,0.935677903908317
GOTM,Bosumtwi,calibrated,bias,0.0791757638560003
GOTM,Bryrup,calibrated,rmse,1.66686362946301
GOTM,Bryrup,calibrated,nse,0.905642454887935
GOTM,Bryrup,calibrated,r,0.981646483019121
GOTM,Bryrup,calibrated,bias,-0.541683486466793
GOTM,BurleyGriffin,calibrated,rmse,1.4655551844756
GOTM,BurleyGriffin,calibrated,nse,0.895401358756662
GOTM,BurleyGriffin,calibrated,r,0.973509479791957
GOTM,BurleyGriffin,calibrated,bias,-0.212439963339458
GOTM,Chao,calibrated,rmse,2.12970990254518
GOTM,Chao,calibrated,nse,0.93452066670239
GOTM,Chao,calibrated,r,0.974891169568625
GOTM,Chao,calibrated,bias,0.319180579388395
GOTM,Crystal,calibrated,rmse,1.1677643781004
GOTM,Crystal,calibrated,nse,0.963454626038549
GOTM,Crystal,calibrated,r,0.98193477503507
GOTM,Crystal,calibrated,bias,0.0227076409700183
GOTM,CrystalBog,calibrated,rmse,3.09201770964427
GOTM,CrystalBog,calibrated,nse,0.828214219966193
GOTM,CrystalBog,calibrated,r,0.925803124978393
GOTM,CrystalBog,calibrated,bias,-0.515095375967058
GOTM,Delavan,calibrated,rmse,1.69510106684689
GOTM,Delavan,calibrated,nse,0.939962233013787
GOTM,Delavan,calibrated,r,0.971882770831843
GOTM,Delavan,calibrated,bias,-0.257050085270432
GOTM,Dickie,calibrated,rmse,1.43057216317012
GOTM,Dickie,calibrated,nse,0.933698941420194
GOTM,Dickie,calibrated,r,0.969973679269374
GOTM,Dickie,calibrated,bias,-0.441666381085022
GOTM,Eagle,calibrated,rmse,1.96210807172019
GOTM,Eagle,calibrated,nse,0.906884877294982
GOTM,Eagle,calibrated,r,0.956023019425851
GOTM,Eagle,calibrated,bias,0.344751519113726
GOTM,Ekoln,calibrated,rmse,1.20365582333239
GOTM,Ekoln,calibrated,nse,0.948320914024166
GOTM,Ekoln,calibrated,r,0.975152182044003
GOTM,Ekoln,calibrated,bias,-0.232918022622956
GOTM,Erken,calibrated,rmse,1.1966692785508
GOTM,Erken,calibrated,nse,0.95928527167031
GOTM,Erken,calibrated,r,0.982308360802981
GOTM,Erken,calibrated,bias,-0.120139588017846
GOTM,EsthwaiteWater,calibrated,rmse,1.41852799617392
GOTM,EsthwaiteWater,calibrated,nse,0.896220100983735
GOTM,EsthwaiteWater,calibrated,r,0.978988011536996
GOTM,EsthwaiteWater,calibrated,bias,-0.257606650531211
GOTM,FallingCreek,calibrated,rmse,1.90490162271008
GOTM,FallingCreek,calibrated,nse,0.875856004606661
GOTM,FallingCreek,calibrated,r,0.963891087287612
GOTM,FallingCreek,calibrated,bias,0.259982608312231
GOTM,Feeagh,calibrated,rmse,1.33944361360212
GOTM,Feeagh,calibrated,nse,0.852841648820767
GOTM,Feeagh,calibrated,r,0.963112208278634
GOTM,Feeagh,calibrated,bias,-0.391270524794746
GOTM,Fish,calibrated,rmse,1.48997585621683
GOTM,Fish,calibrated,nse,0.944797282701935
GOTM,Fish,calibrated,r,0.974346028962511
GOTM,Fish,calibrated,bias,-0.283323163627036
GOTM,GreatPond,calibrated,rmse,1.46871889933349
GOTM,GreatPond,calibrated,nse,0.925150368237426
GOTM,GreatPond,calibrated,r,0.972190742181195
GOTM,GreatPond,calibrated,bias,-0.563669203773592
GOTM,Green,calibrated,rmse,1.04123128299278
GOTM,Green,calibrated,nse,0.966373011641993
GOTM,Green,calibrated,r,0.983561198714161
GOTM,Green,calibrated,bias,-0.106859526247545
GOTM,Harp,calibrated,rmse,0.882299243506778
GOTM,Harp,calibrated,nse,0.965538560403991
GOTM,Harp,calibrated,r,0.983499923051956
GOTM,Harp,calibrated,bias,-0.138905646947333
GOTM,Hassel,calibrated,rmse,1.03024901687396
GOTM,Hassel,calibrated,nse,0.952414897328231
GOTM,Hassel,calibrated,r,0.980812954250128
GOTM,Hassel,calibrated,bias,0.0194369976145164
GOTM,Hulun,calibrated,rmse,2.32279058194886
GOTM,Hulun,calibrated,nse,0.938791715936776
GOTM,Hulun,calibrated,r,0.969141978247505
GOTM,Hulun,calibrated,bias,0.116087573858083
GOTM,Kilpisjarvi,calibrated,rmse,1.0822528641808
GOTM,Kilpisjarvi,calibrated,nse,0.837946397018173
GOTM,Kilpisjarvi,calibrated,r,0.916349788792859
GOTM,Kilpisjarvi,calibrated,bias,-0.0469301416589177
GOTM,Kinneret,calibrated,rmse,0.96720749701637
GOTM,Kinneret,calibrated,nse,0.955536275267681
GOTM,Kinneret,calibrated,r,0.977839892057826
GOTM,Kinneret,calibrated,bias,0.0693595420918017
GOTM,Kivu,calibrated,rmse,0.552469261660598
GOTM,Kivu,calibrated,nse,-0.361914273400774
GOTM,Kivu,calibrated,r,0.768708328517448
GOTM,Kivu,calibrated,bias,0.447476379792814
GOTM,Klicava,calibrated,rmse,1.47514716307889
GOTM,Klicava,calibrated,nse,0.958338857764114
GOTM,Klicava,calibrated,r,0.980124113160053
GOTM,Klicava,calibrated,bias,-0.102653548233886
GOTM,Kuivajarvi,calibrated,rmse,1.29265411864481
GOTM,Kuivajarvi,calibrated,nse,0.944608314457549
GOTM,Kuivajarvi,calibrated,r,0.978808485453027
GOTM,Kuivajarvi,calibrated,bias,-0.50591039381341
GOTM,Langtjern,calibrated,rmse,1.29418355249408
GOTM,Langtjern,calibrated,nse,0.878296012194461
GOTM,Langtjern,calibrated,r,0.940401372157311
GOTM,Langtjern,calibrated,bias,-0.280561861506091
GOTM,Laramie,calibrated,rmse,0.72845296791129
GOTM,Laramie,calibrated,nse,0.960893076748292
GOTM,Laramie,calibrated,r,0.981066745615106
GOTM,Laramie,calibrated,bias,-0.0368790318365811
GOTM,LowerLakeZurich,calibrated,rmse,0.880828868965436
GOTM,LowerLakeZurich,calibrated,nse,0.968462860765586
GOTM,LowerLakeZurich,calibrated,r,0.984211117163895
GOTM,LowerLakeZurich,calibrated,bias,0.0124589440323514
GOTM,Mendota,calibrated,rmse,1.42580534870346
GOTM,Mendota,calibrated,nse,0.950126306597253
GOTM,Mendota,calibrated,r,0.974862104399177
GOTM,Mendota,calibrated,bias,-0.0878987763049779
GOTM,Monona,calibrated,rmse,1.57157567588741
GOTM,Monona,calibrated,nse,0.933625267651577
GOTM,Monona,calibrated,r,0.969997480005316
GOTM,Monona,calibrated,bias,-0.363558726451719
GOTM,Mozhaysk,calibrated,rmse,1.15967609249769
GOTM,Mozhaysk,calibrated,nse,0.895829276595826
GOTM,Mozhaysk,calibrated,r,0.952675946896625
GOTM,Mozhaysk,calibrated,bias,-0.126051160999903
GOTM,MtBold,calibrated,rmse,1.73469896574659
GOTM,MtBold,calibrated,nse,0.787725034591853
GOTM,MtBold,calibrated,r,0.889012801288505
GOTM,MtBold,calibrated,bias,-0.189768688342814
GOTM,Muggelsee,calibrated,rmse,1.18224032738677
GOTM,Muggelsee,calibrated,nse,0.968177863789627
GOTM,Muggelsee,calibrated,r,0.992283363452188
GOTM,Muggelsee,calibrated,bias,-0.351064852899551
GOTM,Murten,calibrated,rmse,1.28214467672396
GOTM,Murten,calibrated,nse,0.937728374838278
GOTM,Murten,calibrated,r,0.969295813554485
GOTM,Murten,calibrated,bias,-0.163646046624259
GOTM,Neuchatel,calibrated,rmse,1.26598960841654
GOTM,Neuchatel,calibrated,nse,0.927276222180218
GOTM,Neuchatel,calibrated,r,0.963517797575357
GOTM,Neuchatel,calibrated,bias,0.0506128824315779
GOTM,Ngoring,calibrated,rmse,0.932026773543489
GOTM,Ngoring,calibrated,nse,0.941861274435532
GOTM,Ngoring,calibrated,r,0.970750613470739
GOTM,Ngoring,calibrated,bias,0.0288779565591884
GOTM,NohipaloMustjarv,calibrated,rmse,2.00337613830946
GOTM,NohipaloMustjarv,calibrated,nse,0.871018741519367
GOTM,NohipaloMustjarv,calibrated,r,0.963215705543096
GOTM,NohipaloMustjarv,calibrated,bias,-0.60188163654942
GOTM,NohipaloValgejarv,calibrated,rmse,1.93557546803461
GOTM,NohipaloValgejarv,calibrated,nse,0.893133283782705
GOTM,NohipaloValgejarv,calibrated,r,0.975273042477054
GOTM,NohipaloValgejarv,calibrated,bias,-1.13527877238114
GOTM,Okauchee,calibrated,rmse,1.41600117947049
GOTM,Okauchee,calibrated,nse,0.95918774716005
GOTM,Okauchee,calibrated,r,0.982001734316368
GOTM,Okauchee,calibrated,bias,-0.286906768112027
GOTM,Paajarvi,calibrated,rmse,0.921567272817953
GOTM,Paajarvi,calibrated,nse,0.952502952233563
GOTM,Paajarvi,calibrated,r,0.980260730834644
GOTM,Paajarvi,calibrated,bias,-0.370015247973118
GOTM,Rappbode,calibrated,rmse,0.906285755704661
GOTM,Rappbode,calibrated,nse,0.954407205961707
GOTM,Rappbode,calibrated,r,0.976975325302842
GOTM,Rappbode,calibrated,bias,-0.0096243782896641
GOTM,Rappbodep,calibrated,rmse,1.13710601914003
GOTM,Rappbodep,calibrated,nse,0.924241300346727
GOTM,Rappbodep,calibrated,r,0.970766448678649
GOTM,Rappbodep,calibrated,bias,-0.062544244052158
GOTM,Rimov,calibrated,rmse,1.58011622413385
GOTM,Rimov,calibrated,nse,0.899439367087187
GOTM,Rimov,calibrated,r,0.948942235641166
GOTM,Rimov,calibrated,bias,0.0322440372840417
GOTM,Rotorua,calibrated,rmse,1.22394239621133
GOTM,Rotorua,calibrated,nse,0.909414318036049
GOTM,Rotorua,calibrated,r,0.980867924380487
GOTM,Rotorua,calibrated,bias,-0.115705585183827
GOTM,Sammamish,calibrated,rmse,1.13484312904996
GOTM,Sammamish,calibrated,nse,0.926584957586953
GOTM,Sammamish,calibrated,r,0.973742806886408
GOTM,Sammamish,calibrated,bias,-0.229589426022234
GOTM,Sau,calibrated,rmse,2.91615296844993
GOTM,Sau,calibrated,nse,0.701467361985081
GOTM,Sau,calibrated,r,0.844223851869258
GOTM,Sau,calibrated,bias,0.340112682151058
GOTM,Scharmutzel,calibrated,rmse,0.834738175855297
GOTM,Scharmutzel,calibrated,nse,0.960647726417413
GOTM,Scharmutzel,calibrated,r,0.98834143800745
GOTM,Scharmutzel,calibrated,bias,-0.381035930358039
GOTM,Sparkling,calibrated,rmse,1.24394982489363
GOTM,Sparkling,calibrated,nse,0.95966100592772
GOTM,Sparkling,calibrated,r,0.980048890638942
GOTM,Sparkling,calibrated,bias,-0.0503623128668002
GOTM,Stechlin,calibrated,rmse,0.920215234052776
GOTM,Stechlin,calibrated,nse,0.97072286863386
GOTM,Stechlin,calibrated,r,0.986243858626187
GOTM,Stechlin,calibrated,bias,-0.211133900135815
GOTM,Sunapee,calibrated,rmse,1.54290946860689
GOTM,Sunapee,calibrated,nse,0.945969203293267
GOTM,Sunapee,calibrated,r,0.972797589649429
GOTM,Sunapee,calibrated,bias,-0.0596272103421979
GOTM,Tahoe,calibrated,rmse,0.710109447477668
GOTM,Tahoe,calibrated,nse,0.855427305001968
GOTM,Tahoe,calibrated,r,0.966581163973785
GOTM,Tahoe,calibrated,bias,0.473446268224354
GOTM,Taihu,calibrated,rmse,1.6259813251208
GOTM,Taihu,calibrated,nse,0.962787720797253
GOTM,Taihu,calibrated,r,0.984069587622304
GOTM,Taihu,calibrated,bias,-0.0865364813142352
GOTM,Tarawera,calibrated,rmse,0.692014224337601
GOTM,Tarawera,calibrated,nse,0.914365673639719
GOTM,Tarawera,calibrated,r,0.958240278710676
GOTM,Tarawera,calibrated,bias,-0.0418676232671624
GOTM,Thun,calibrated,rmse,0.723595544608496
GOTM,Thun,calibrated,nse,0.93858499070329
GOTM,Thun,calibrated,r,0.968902014455884
GOTM,Thun,calibrated,bias,0.0343454283222053
GOTM,Toolik,calibrated,rmse,1.66619494526225
GOTM,Toolik,calibrated,nse,0.763054115315744
GOTM,Toolik,calibrated,r,0.902597765864458
GOTM,Toolik,calibrated,bias,0.625075469400881
GOTM,Trout,calibrated,rmse,1.30832679707812
GOTM,Trout,calibrated,nse,0.944011839435369
GOTM,Trout,calibrated,r,0.972499314758507
GOTM,Trout,calibrated,bias,-0.0878928628998912
GOTM,TroutBog,calibrated,rmse,4.07398135856116
GOTM,TroutBog,calibrated,nse,0.517385389742444
GOTM,TroutBog,calibrated,r,0.801098490783404
GOTM,TroutBog,calibrated,bias,1.68634981167611
GOTM,TwoSisters,calibrated,rmse,1.22255535746418
GOTM,TwoSisters,calibrated,nse,0.947287408157741
GOTM,TwoSisters,calibrated,r,0.973467742358054
GOTM,TwoSisters,calibrated,bias,-0.073516098772829
GOTM,Vendyurskoe,calibrated,rmse,1.37117858873985
GOTM,Vendyurskoe,calibrated,nse,0.956233593205283
GOTM,Vendyurskoe,calibrated,r,0.978440328429086
GOTM,Vendyurskoe,calibrated,bias,-0.150800612356996
GOTM,Vortsjarv,calibrated,rmse,1.24594161953319
GOTM,Vortsjarv,calibrated,nse,0.974477538825515
GOTM,Vortsjarv,calibrated,r,0.98938045408357
GOTM,Vortsjarv,calibrated,bias,-0.257680556146874
GOTM,Washington,calibrated,rmse,1.08427842178191
GOTM,Washington,calibrated,nse,0.930715747852868
GOTM,Washington,calibrated,r,0.967089990366217
GOTM,Washington,calibrated,bias,-0.10850292385379
GOTM,Windermere,calibrated,rmse,0.818022916875503
GOTM,Windermere,calibrated,nse,0.952858469330325
GOTM,Windermere,calibrated,r,0.984791802265054
GOTM,Windermere,calibrated,bias,-0.220165852993662
GOTM,Wingra,calibrated,rmse,1.46143204569377
GOTM,Wingra,calibrated,nse,0.96156965645729
GOTM,Wingra,calibrated,r,0.98640168118825
GOTM,Wingra,calibrated,bias,-0.163428184029814
GOTM,Zlutice,calibrated,rmse,1.35322703710013
GOTM,Zlutice,calibrated,nse,0.965850334671355
GOTM,Zlutice,calibrated,r,0.983914775490934
GOTM,Zlutice,calibrated,bias,-0.0399690068093615
GOTM,Zurich,calibrated,rmse,0.979935511792329
GOTM,Zurich,calibrated,nse,0.954584526196563
GOTM,Zurich,calibrated,r,0.977255716875188
GOTM,Zurich,calibrated,bias,-0.0510641652069964
GOTM,Allequash,uncalibrated,rmse,2.33523401733468
GOTM,Allequash,uncalibrated,nse,0.886108668590968
GOTM,Allequash,uncalibrated,r,0.956463564786988
GOTM,Allequash,uncalibrated,bias,-1.0900674541322
GOTM,Alqueva,uncalibrated,rmse,3.87063971043644
GOTM,Alqueva,uncalibrated,nse,0.183692008858568
GOTM,Alqueva,uncalibrated,r,0.789292693335638
GOTM,Alqueva,uncalibrated,bias,-2.45466951533236
GOTM,Annie,uncalibrated,rmse,2.3184333108157
GOTM,Annie,uncalibrated,nse,0.698147568338827
GOTM,Annie,uncalibrated,r,0.923267638513229
GOTM,Annie,uncalibrated,bias,1.65723570172481
GOTM,Arendsee,uncalibrated,rmse,2.32569050156513
GOTM,Arendsee,uncalibrated,nse,0.644134810954679
GOTM,Arendsee,uncalibrated,r,0.885375998687931
GOTM,Arendsee,uncalibrated,bias,-1.28390980539017
GOTM,Argyle,uncalibrated,rmse,2.60877643526937
GOTM,Argyle,uncalibrated,nse,0.0139978040940159
GOTM,Argyle,uncalibrated,r,0.746640602971806
GOTM,Argyle,uncalibrated,bias,-1.82151756672778
GOTM,Biel,uncalibrated,rmse,4.52631755177034
GOTM,Biel,uncalibrated,nse,0.0444590794282881
GOTM,Biel,uncalibrated,r,0.694396005754574
GOTM,Biel,uncalibrated,bias,-3.03661996509141
GOTM,BigMuskellunge,uncalibrated,rmse,4.46975017444008
GOTM,BigMuskellunge,uncalibrated,nse,0.479395930685489
GOTM,BigMuskellunge,uncalibrated,r,0.869702877899688
GOTM,BigMuskellunge,uncalibrated,bias,-3.25750387547963
GOTM,BlackOak,uncalibrated,rmse,3.4644267840949
GOTM,BlackOak,uncalibrated,nse,0.680464477978758
GOTM,BlackOak,uncalibrated,r,0.87832387819987
GOTM,BlackOak,uncalibrated,bias,-1.84838563281494
GOTM,Bosumtwi,uncalibrated,rmse,1.85896032260093
GOTM,Bosumtwi,uncalibrated,nse,-2.99870738034844
GOTM,Bosumtwi,uncalibrated,r,0.94047693854329
GOTM,Bosumtwi,uncalibrated,bias,1.82870891279127
GOTM,Bryrup,uncalibrated,rmse,1.98883209071264
GOTM,Bryrup,uncalibrated,nse,0.865670088022163
GOTM,Bryrup,uncalibrated,r,0.981849639603931
GOTM,Bryrup,uncalibrated,bias,0.142727089573152
GOTM,BurleyGriffin,uncalibrated,rmse,3.21936052462779
GOTM,BurleyGriffin,uncalibrated,nse,0.49526790723353
GOTM,BurleyGriffin,uncalibrated,r,0.889622141038374
GOTM,BurleyGriffin,uncalibrated,bias,-2.17710248984874
GOTM,Chao,uncalibrated,rmse,2.60010930099084
GOTM,Chao,uncalibrated,nse,0.902400732551783
GOTM,Chao,uncalibrated,r,0.973861385664798
GOTM,Chao,uncalibrated,bias,1.56089060813823
GOTM,Crystal,uncalibrated,rmse,3.73638041493713
GOTM,Crystal,uncalibrated,nse,0.625868618392516
GOTM,Crystal,uncalibrated,r,0.884034037561163
GOTM,Crystal,uncalibrated,bias,-2.40022598063186
GOTM,CrystalBog,uncalibrated,rmse,3.74212301029218
GOTM,CrystalBog,uncalibrated,nse,0.748383344876027
GOTM,CrystalBog,uncalibrated,r,0.912748249571754
GOTM,CrystalBog,uncalibrated,bias,0.712017309588702
GOTM,Delavan,uncalibrated,rmse,5.1395523496854
GOTM,Delavan,uncalibrated,nse,0.448070096780404
GOTM,Delavan,uncalibrated,r,0.854623188744537
GOTM,Delavan,uncalibrated,bias,-3.66158043594328
GOTM,Dickie,uncalibrated,rmse,2.87167779217563
GOTM,Dickie,uncalibrated,nse,0.732839442144857
GOTM,Dickie,uncalibrated,r,0.881253577516188
GOTM,Dickie,uncalibrated,bias,1.15990750936996
GOTM,Eagle,uncalibrated,rmse,4.73300929756853
GOTM,Eagle,uncalibrated,nse,0.458187417590647
GOTM,Eagle,uncalibrated,r,0.788904825565573
GOTM,Eagle,uncalibrated,bias,-2.39324357890819
GOTM,Ekoln,uncalibrated,rmse,4.01463385978655
GOTM,Ekoln,uncalibrated,nse,0.425087081401839
GOTM,Ekoln,uncalibrated,r,0.810960066891499
GOTM,Ekoln,uncalibrated,bias,-2.30124161097713
GOTM,Erken,uncalibrated,rmse,4.37993266853826
GOTM,Erken,uncalibrated,nse,0.454571124312332
GOTM,Erken,uncalibrated,r,0.833906800050797
GOTM,Erken,uncalibrated,bias,-2.85372568862101
GOTM,EsthwaiteWater,uncalibrated,rmse,1.75422119248133
GOTM,EsthwaiteWater,uncalibrated,nse,0.841289329098655
GOTM,EsthwaiteWater,uncalibrated,r,0.964349927347268
GOTM,EsthwaiteWater,uncalibrated,bias,0.0775556753341989
GOTM,FallingCreek,uncalibrated,rmse,5.47493084963655
GOTM,FallingCreek,uncalibrated,nse,-0.0255052578793999
GOTM,FallingCreek,uncalibrated,r,0.901643433504783
GOTM,FallingCreek,uncalibrated,bias,4.71949469530285
GOTM,Feeagh,uncalibrated,rmse,3.98962111993965
GOTM,Feeagh,uncalibrated,nse,-0.305567558389709
GOTM,Feeagh,uncalibrated,r,0.739043996586224
GOTM,Feeagh,uncalibrated,bias,-3.10507943424279
GOTM,Fish,uncalibrated,rmse,3.21075324721225
GOTM,Fish,uncalibrated,nse,0.743660310061467
GOTM,Fish,uncalibrated,r,0.900759980558124
GOTM,Fish,uncalibrated,bias,-1.64987729702896
GOTM,GreatPond,uncalibrated,rmse,5.12119751980161
GOTM,GreatPond,uncalibrated,nse,0.0899707441931828
GOTM,GreatPond,uncalibrated,r,0.789002280410702
GOTM,GreatPond,uncalibrated,bias,-3.88566622783502
GOTM,Green,uncalibrated,rmse,3.77391846345456
GOTM,Green,uncalibrated,nse,0.55824793946689
GOTM,Green,uncalibrated,r,0.826922845629479
GOTM,Green,uncalibrated,bias,-1.97705639185098
GOTM,Harp,uncalibrated,rmse,1.66206677412298
GOTM,Harp,uncalibrated,nse,0.877707862058255
GOTM,Harp,uncalibrated,r,0.944901181466887
GOTM,Harp,uncalibrated,bias,0.295873471486107
GOTM,Hassel,uncalibrated,rmse,3.3523055452748
GOTM,Hassel,uncalibrated,nse,0.49618187875327
GOTM,Hassel,uncalibrated,r,0.842333884891613
GOTM,Hassel,uncalibrated,bias,1.9729965166544
GOTM,Hulun,uncalibrated,rmse,2.43520950643304
GOTM,Hulun,uncalibrated,nse,0.932723598691886
GOTM,Hulun,uncalibrated,r,0.969622935125588
GOTM,Hulun,uncalibrated,bias,0.472104394061011
GOTM,Kilpisjarvi,uncalibrated,rmse,2.17613277044187
GOTM,Kilpisjarvi,uncalibrated,nse,0.344802877105134
GOTM,Kilpisjarvi,uncalibrated,r,0.619794652401466
GOTM,Kilpisjarvi,uncalibrated,bias,0.530681637015893
GOTM,Kinneret,uncalibrated,rmse,5.92182535337373
GOTM,Kinneret,uncalibrated,nse,-0.66677785790697
GOTM,Kinneret,uncalibrated,r,0.595333846688312
GOTM,Kinneret,uncalibrated,bias,-4.61267879803691
GOTM,Kivu,uncalibrated,rmse,0.683081521141682
GOTM,Kivu,uncalibrated,nse,-1.08198983981384
GOTM,Kivu,uncalibrated,r,0.82368651519458
GOTM,Kivu,uncalibrated,bias,-0.593846507839632
GOTM,Klicava,uncalibrated,rmse,2.36794776585168
GOTM,Klicava,uncalibrated,nse,0.892649341591418
GOTM,Klicava,uncalibrated,r,0.954531361521565
GOTM,Klicava,uncalibrated,bias,-0.323764335743365
GOTM,Kuivajarvi,uncalibrated,rmse,1.86738255688585
GOTM,Kuivajarvi,uncalibrated,nse,0.884403014799275
GOTM,Kuivajarvi,uncalibrated,r,0.974725621693049
GOTM,Kuivajarvi,uncalibrated,bias,-0.537729929690658
GOTM,Langtjern,uncalibrated,rmse,3.25940202371211
GOTM,Langtjern,uncalibrated,nse,0.228050450433625
GOTM,Langtjern,uncalibrated,r,0.862608401199989
GOTM,Langtjern,uncalibrated,bias,0.0252620881626719
GOTM,Laramie,uncalibrated,rmse,4.53670952944883
GOTM,Laramie,uncalibrated,nse,-0.516814816706761
GOTM,Laramie,uncalibrated,r,0.918818864168338
GOTM,Laramie,uncalibrated,bias,4.28042403694724
GOTM,LowerLakeZurich,uncalibrated,rmse,3.62600838160398
GOTM,LowerLakeZurich,uncalibrated,nse,0.465562624537391
GOTM,LowerLakeZurich,uncalibrated,r,0.791932501846619
GOTM,LowerLakeZurich,uncalibrated,bias,-1.98083925917117
GOTM,Mendota,uncalibrated,rmse,5.48654069193764
GOTM,Mendota,uncalibrated,nse,0.261503806479126
GOTM,Mendota,uncalibrated,r,0.807203012873886
GOTM,Mendota,uncalibrated,bias,-3.98485043692782
GOTM,Monona,uncalibrated,rmse,4.99944425959109
GOTM,Monona,uncalibrated,nse,0.328299537443488
GOTM,Monona,uncalibrated,r,0.856384245657023
GOTM,Monona,uncalibrated,bias,-3.86938175759702
GOTM,Mozhaysk,uncalibrated,rmse,6.07882017140043
GOTM,Mozhaysk,uncalibrated,nse,-1.86227174850945
GOTM,Mozhaysk,uncalibrated,r,0.652074610536032
GOTM,Mozhaysk,uncalibrated,bias,-4.4963613344906
GOTM,MtBold,uncalibrated,rmse,3.42626857927548
GOTM,MtBold,uncalibrated,nse,0.171879860163346
GOTM,MtBold,uncalibrated,r,0.704020217602209
GOTM,MtBold,uncalibrated,bias,-1.73262763984356
GOTM,Muggelsee,uncalibrated,rmse,1.63751461383207
GOTM,Muggelsee,uncalibrated,nse,0.938949649677252
GOTM,Muggelsee,uncalibrated,r,0.978786873794985
GOTM,Muggelsee,uncalibrated,bias,-0.268040646668444
GOTM,Murten,uncalibrated,rmse,4.44014718413864
GOTM,Murten,uncalibrated,nse,0.25318872511842
GOTM,Murten,uncalibrated,r,0.77374364509682
GOTM,Murten,uncalibrated,bias,-2.99379466865872
GOTM,Neuchatel,uncalibrated,rmse,5.05179417296348
GOTM,Neuchatel,uncalibrated,nse,-0.157997028066397
GOTM,Neuchatel,uncalibrated,r,0.652747935384678
GOTM,Neuchatel,uncalibrated,bias,-3.46431763723563
GOTM,Ngoring,uncalibrated,rmse,2.52542758267165
GOTM,Ngoring,uncalibrated,nse,0.573146771761132
GOTM,Ngoring,uncalibrated,r,0.831497892437486
GOTM,Ngoring,uncalibrated,bias,-1.22180247505983
GOTM,NohipaloMustjarv,uncalibrated,rmse,4.2828243619219
GOTM,NohipaloMustjarv,uncalibrated,nse,0.410529405363644
GOTM,NohipaloMustjarv,uncalibrated,r,0.871661215936733
GOTM,NohipaloMustjarv,uncalibrated,bias,0.811268188930567
GOTM,NohipaloValgejarv,uncalibrated,rmse,3.5470645606593
GOTM,NohipaloValgejarv,uncalibrated,nse,0.641110764074378
GOTM,NohipaloValgejarv,uncalibrated,r,0.893870088832926
GOTM,NohipaloValgejarv,uncalibrated,bias,-0.374002570467484
GOTM,Okauchee,uncalibrated,rmse,3.40968067105568
GOTM,Okauchee,uncalibrated,nse,0.763358584954059
GOTM,Okauchee,uncalibrated,r,0.929787173154287
GOTM,Okauchee,uncalibrated,bias,-2.22914966495155
GOTM,Paajarvi,uncalibrated,rmse,2.70881316432085
GOTM,Paajarvi,uncalibrated,nse,0.5896346981489
GOTM,Paajarvi,uncalibrated,r,0.883870272454633
GOTM,Paajarvi,uncalibrated,bias,-1.84930540992401
GOTM,Rappbode,uncalibrated,rmse,2.66797297362474
GOTM,Rappbode,uncalibrated,nse,0.604880238368345
GOTM,Rappbode,uncalibrated,r,0.84239346255021
GOTM,Rappbode,uncalibrated,bias,-1.36683841488399
GOTM,Rappbodep,uncalibrated,rmse,3.58585417004182
GOTM,Rappbodep,uncalibrated,nse,0.246616954983041
GOTM,Rappbodep,uncalibrated,r,0.838327967954977
GOTM,Rappbodep,uncalibrated,bias,2.33652041427655
GOTM,Rimov,uncalibrated,rmse,2.83618757402986
GOTM,Rimov,uncalibrated,nse,0.676018782321383
GOTM,Rimov,uncalibrated,r,0.872709455014535
GOTM,Rimov,uncalibrated,bias,-1.44162615570924
GOTM,Rotorua,uncalibrated,rmse,5.69570479788595
GOTM,Rotorua,uncalibrated,nse,-0.961699789283205
GOTM,Rotorua,uncalibrated,r,0.590982137665203
GOTM,Rotorua,uncalibrated,bias,-4.41187814793235
GOTM,Sammamish,uncalibrated,rmse,3.74428651808479
GOTM,Sammamish,uncalibrated,nse,0.200807246694747
GOTM,Sammamish,uncalibrated,r,0.835818891635191
GOTM,Sammamish,uncalibrated,bias,-2.95054542159314
GOTM,Sau,uncalibrated,rmse,4.48449197825103
GOTM,Sau,uncalibrated,nse,0.294011350357909
GOTM,Sau,uncalibrated,r,0.615674749680027
GOTM,Sau,uncalibrated,bias,-1.51139827254365
GOTM,Scharmutzel,uncalibrated,rmse,2.79217895394658
GOTM,Scharmutzel,uncalibrated,nse,0.559692811867817
GOTM,Scharmutzel,uncalibrated,r,0.914596925482205
GOTM,Scharmutzel,uncalibrated,bias,-2.18157761546241
GOTM,Sparkling,uncalibrated,rmse,3.54035346980158
GOTM,Sparkling,uncalibrated,nse,0.673252264821505
GOTM,Sparkling,uncalibrated,r,0.890948740383382
GOTM,Sparkling,uncalibrated,bias,-2.1282716486546
GOTM,Stechlin,uncalibrated,rmse,3.03198663503569
GOTM,Stechlin,uncalibrated,nse,0.682163149013432
GOTM,Stechlin,uncalibrated,r,0.873196031928053
GOTM,Stechlin,uncalibrated,bias,-1.46126971993844
GOTM,Sunapee,uncalibrated,rmse,5.8415888901877
GOTM,Sunapee,uncalibrated,nse,0.225498145071593
GOTM,Sunapee,uncalibrated,r,0.779971823939979
GOTM,Sunapee,uncalibrated,bias,-4.07997421728257
GOTM,Tahoe,uncalibrated,rmse,2.2531113150915
GOTM,Tahoe,uncalibrated,nse,-0.455462407525083
GOTM,Tahoe,uncalibrated,r,0.645317458817972
GOTM,Tahoe,uncalibrated,bias,-1.71838625409251
GOTM,Taihu,uncalibrated,rmse,1.7475474312905
GOTM,Taihu,uncalibrated,nse,0.957015378363174
GOTM,Taihu,uncalibrated,r,0.983746376618868
GOTM,Taihu,uncalibrated,bias,0.340916013386515
GOTM,Tarawera,uncalibrated,rmse,3.35791022114256
GOTM,Tarawera,uncalibrated,nse,-1.01630396268558
GOTM,Tarawera,uncalibrated,r,0.731139846461011
GOTM,Tarawera,uncalibrated,bias,-2.93628628423468
GOTM,Thun,uncalibrated,rmse,3.19930719671478
GOTM,Thun,uncalibrated,nse,-0.200589772975007
GOTM,Thun,uncalibrated,r,0.657828087017573
GOTM,Thun,uncalibrated,bias,-2.32059740157725
GOTM,Toolik,uncalibrated,rmse,2.73249935805434
GOTM,Toolik,uncalibrated,nse,0.362738499002903
GOTM,Toolik,uncalibrated,r,0.699382893247355
GOTM,Toolik,uncalibrated,bias,0.201095406194317
GOTM,Trout,uncalibrated,rmse,3.69613752149136
GOTM,Trout,uncalibrated,nse,0.553151844926782
GOTM,Trout,uncalibrated,r,0.849018291882846
GOTM,Trout,uncalibrated,bias,-2.20745561768171
GOTM,TroutBog,uncalibrated,rmse,7.25012180226176
GOTM,TroutBog,uncalibrated,nse,-0.528456192837494
GOTM,TroutBog,uncalibrated,r,0.645554816705386
GOTM,TroutBog,uncalibrated,bias,4.54964263127949
GOTM,TwoSisters,uncalibrated,rmse,4.0831834005551
GOTM,TwoSisters,uncalibrated,nse,0.412003042722271
GOTM,TwoSisters,uncalibrated,r,0.825282183220968
GOTM,TwoSisters,uncalibrated,bias,-2.73634606708904
GOTM,Vendyurskoe,uncalibrated,rmse,3.08168275584449
GOTM,Vendyurskoe,uncalibrated,nse,0.778930564132219
GOTM,Vendyurskoe,uncalibrated,r,0.937839816668309
GOTM,Vendyurskoe,uncalibrated,bias,-2.0397474160192
GOTM,Vortsjarv,uncalibrated,rmse,1.69543810287804
GOTM,Vortsjarv,uncalibrated,nse,0.952740290951818
GOTM,Vortsjarv,uncalibrated,r,0.98511183377162
GOTM,Vortsjarv,uncalibrated,bias,-0.0609072142724168
GOTM,Washington,uncalibrated,rmse,5.09567591423188
GOTM,Washington,uncalibrated,nse,-0.530229258787889
GOTM,Washington,uncalibrated,r,0.702788005361806
GOTM,Washington,uncalibrated,bias,-4.16872493461256
GOTM,Windermere,uncalibrated,rmse,2.09830934008987
GOTM,Windermere,uncalibrated,nse,0.689821446583395
GOTM,Windermere,uncalibrated,r,0.9291362894755
GOTM,Windermere,uncalibrated,bias,-1.52190821083553
GOTM,Wingra,uncalibrated,rmse,1.87495024569815
GOTM,Wingra,uncalibrated,nse,0.936744759720977
GOTM,Wingra,uncalibrated,r,0.980311087695566
GOTM,Wingra,uncalibrated,bias,-0.45664291535922
GOTM,Zlutice,uncalibrated,rmse,2.63821741378328
GOTM,Zlutice,uncalibrated,nse,0.870202512897236
GOTM,Zlutice,uncalibrated,r,0.946702708214507
GOTM,Zlutice,uncalibrated,bias,-0.630831577257797
GOTM,Zurich,uncalibrated,rmse,4.06395987448091
GOTM,Zurich,uncalibrated,nse,0.21889812673841
GOTM,Zurich,uncalibrated,r,0.737254271366591
GOTM,Zurich,uncalibrated,bias,-2.53624499853878
